"Core",,,,
"Core",1,,"More",1
"Array",1,,"Events.Pseudos",
"String",1,,"Class.Refactor",
"Number",1,,"Class.Binds",
"Function",1,,"Class.Occlude",
"Object",1,,"Chain.Wait",
"Event",1,,"Array.Extras",
"Browser",1,,"Date",
"Class",1,,"Date.Extras",
"Class.Extras",1,,"Number.Format",
"Slick.Parser",1,,"Object.Extras",
"Slick.Finder",1,,"String.Extras",
"Element",1,,"String.QueryString",
"Element.Style",1,,"URI",
"Element.Event",1,,"URI.Relative",
"Element.Dimensions",1,,"Hash",
"Fx",,,"Hash.Extras",
"Fx.CSS",,,"Element.Forms",
"Fx.Tween",,,"Elements.From",
"Fx.Morph",,,"Element.Event.Pseudos",
"Fx.Transitions",,,"Element.Event.Pseudos.Keys",
"Request",1,,"Element.Delegation",
"Request.HTML",,,"Element.Measure",
"Request.JSON",1,,"Element.Pin",
"Cookie",1,,"Element.Position",
"JSON",1,,"Element.Shortcuts",
"DOMReady",1,,"Form.Request",
"Swiff",,,"Form.Request.Append",
,,,"Form.Validator",
"Include Compatibility",,,"Form.Validator.Inline",
,,,"Form.Validator.Extras",
,,,"OverText",
,,,"Fx.Elements",
,,,"Fx.Accordion",
,,,"Fx.Move",
,,,"Fx.Reveal",
,,,"Fx.Scroll",
,,,"Fx.Slide",
,,,"Fx.SmoothScroll",
,,,"Fx.Sort",
,,,"Drag",1
,,,"Drag.Move",1
,,,"Slider",
,,,"Sortables",
,,,"Request.JSONP",
,,,"Request.Queue",
,,,"Request.Periodical",
,,,"Assets",1
,,,"Color",
,,,"Group",
,,,"Hash.Cookie",
,,,"IframeShim",
,,,"HtmlTable",
,,,"HtmlTable.Zebra",
,,,"HtmlTable.Sort",
,,,"HtmlTable.Select",
,,,"Keyboard",
,,,"Keyboard.Extras",
,,,"Mask",
,,,"Scroller",
,,,"Tips",
,,,"Spinner",
,,,"Locale",
,,,"Locale.Set.From",
,,,"Locale.en-US.Date",
,,,"Locale.en-US.Form.Validator",
,,,"Locale.en-US.Number",
,,,"Locale.ar.Date",
,,,"Locale.ar.Form.Validator",
,,,"Locale.ca-CA.Date",
,,,"Locale.ca-CA.Form.Validator",
,,,"Locale.cs-CZ.Date",
,,,"Locale.cs-CZ.Form.Validator",
,,,"Locale.da-DK.Date",
,,,"Locale.da-DK.Form.Validator",
,,,"Locale.de-CH.Date",
,,,"Locale.de-CH.Form.Validator",
,,,"Locale.de-DE.Date",
,,,"Locale.de-DE.Form.Validator",
,,,"Locale.de-DE.Number",
,,,"Locale.en-GB.Date",
,,,"Locale.es-AR.Date",
,,,"Locale.es-AR.Form.Validator",
,,,"Locale.es-ES.Date",
,,,"Locale.es-ES.Form.Validator",
,,,"Locale.et-EE.Date",
,,,"Locale.et-EE.Form.Validator",
,,,"Locale.EU.Number",
,,,"Locale.fa.Date",
,,,"Locale.fa.Form.Validator",
,,,"Locale.fi-FI.Date",
,,,"Locale.fi-FI.Form.Validator",
,,,"Locale.fi-FI.Number",
,,,"Locale.fr-FR.Date",
,,,"Locale.fr-FR.Form.Validator",
,,,"Locale.fr-FR.Number",
,,,"Locale.he-IL.Date",
,,,"Locale.he-IL.Form.Validator",
,,,"Locale.he-IL.Number",
,,,"Locale.hu-HU.Date",
,,,"Locale.hu-HU.Form.Validator",
,,,"Locale.it-IT.Date",
,,,"Locale.it-IT.Form.Validator",
,,,"Locale.ja-JP.Date",
,,,"Locale.ja-JP.Form.Validator",
,,,"Locale.ja-JP.Number",
,,,"Locale.nl-NL.Date",
,,,"Locale.nl-NL.Form.Validator",
,,,"Locale.nl-NL.Number",
,,,"Locale.no-NO.Date",
,,,"Locale.no-NO.Form.Validator",
,,,"Locale.pl-PL.Date",
,,,"Locale.pl-PL.Form.Validator",
,,,"Locale.pt-BR.Date",
,,,"Locale.pt-BR.Form.Validator",
,,,"Locale.pt-PT.Date",
,,,"Locale.pt-PT.Form.Validator",
,,,"Locale.ru-RU-unicode.Date",
,,,"Locale.ru-RU-unicode.Form.Validator",
,,,"Locale.si-SI.Date",
,,,"Locale.si-SI.Form.Validator",
,,,"Locale.sv-SE.Date",
,,,"Locale.sv-SE.Form.Validator",
,,,"Locale-uk-UA.Date",
,,,"Locale.uk-UA.Form.Validator",
,,,"Locale.zh-CH.Date",
,,,"Locale.zh-CH.Form.Validator",
,,,,
,,,"Include Compatibility",
